12180,1218,Arkonor Processing
12181,1218,Bistot Processing
12182,1218,Crokite Processing
12183,1218,Dark Ochre Processing
12184,1218,Gneiss Processing
12185,1218,Hedbergite Processing
12186,1218,Hemorphite Processing
12187,1218,Jaspet Processing
12188,1218,Kernite Processing
12189,1218,Mercoxit Processing
12190,1218,Omber Processing
12191,1218,Plagioclase Processing
12192,1218,Pyroxeres Processing
12193,1218,Scordite Processing
12194,1218,Spodumain Processing
12195,1218,Veldspar Processing
3385,1218,Reprocessing
3389,1218,Reprocessing Efficiency